
--- populating card holder table 

INSERT INTO CardHolder (Cardholder_ID, Employee_Name, Department, Start_Date, SSN, Designation, Department_ID, Email) VALUES ('318696870', 'Paisleigh Richmond', 'English', '11/24/22', '2634216', 'Teacher', 'En', 'Paisleigh.d@kentucky.edu');
INSERT INTO CardHolder (Cardholder_ID, Employee_Name, Department, Start_Date, SSN, Designation, Department_ID, Email) VALUES ('265520360', 'Mordechai Fletcher', 'History', '10/4/22', '5745615', 'Teacher', 'Hi', 'Mordechai.r@kentucky.edu');
INSERT INTO CardHolder (Cardholder_ID, Employee_Name, Department, Start_Date, SSN, Designation, Department_ID, Email) VALUES ('677155758', 'Anaya Castro', 'Physics', '11/1/22', '8634039', 'Teacher', 'Ph', 'Anaya.o@kentucky.edu');
INSERT INTO CardHolder (Cardholder_ID, Employee_Name, Department, Start_Date, SSN, Designation, Department_ID, Email) VALUES ('291287002', 'Jasper Pena', 'Architecture', '12/3/22', '1410214', 'Teacher', 'Ar', 'Jasper.a@kentucky.edu');
INSERT INTO CardHolder (Cardholder_ID, Employee_Name, Department, Start_Date, SSN, Designation, Department_ID, Email) VALUES ('440099700', 'Rachel Best', 'Chemistry', '11/6/22', '3899826', 'Teacher', 'Ch', 'Rachel.t@kentucky.edu');
INSERT INTO CardHolder (Cardholder_ID, Employee_Name, Department, Start_Date, SSN, Designation, Department_ID, Email) VALUES ('426917156', 'Harlem Hogan', 'Business', '10/25/22', '8970409', 'Teacher', 'Bu', 'Harlem.n@kentucky.edu');
INSERT INTO CardHolder (Cardholder_ID, Employee_Name, Department, Start_Date, SSN, Designation, Department_ID, Email) VALUES ('915730924', 'Kathryn Corona', 'English', '12/31/22', '3090281', 'Teacher', 'En', 'Kathryn.a@kentucky.edu');
INSERT INTO CardHolder (Cardholder_ID, Employee_Name, Department, Start_Date, SSN, Designation, Department_ID, Email) VALUES ('259199089', 'Darian Vincent', 'History', '2/10/23', '2160138', 'Teacher', 'Hi', 'Darian.t@kentucky.edu');
INSERT INTO CardHolder (Cardholder_ID, Employee_Name, Department, Start_Date, SSN, Designation, Department_ID, Email) VALUES ('443791343', 'Allyson Meadows', 'Physics', '12/27/22', '4729237', 'Teacher', 'Ph', 'Allyson.s@kentucky.edu');
INSERT INTO CardHolder (Cardholder_ID, Employee_Name, Department, Start_Date, SSN, Designation, Department_ID, Email) VALUES ('361906123', 'Wayne Spence', 'Architecture', '1/7/23', '2623490', 'Teacher', 'Ar', 'Wayne.e@kentucky.edu');
INSERT INTO CardHolder (Cardholder_ID, Employee_Name, Department, Start_Date, SSN, Designation, Department_ID, Email) VALUES ('870062997', 'Aislinn Carey', 'Chemistry', '2/21/23', '8028501', 'Teacher', 'Ch', 'Aislinn.y@kentucky.edu');
INSERT INTO CardHolder (Cardholder_ID, Employee_Name, Department, Start_Date, SSN, Designation, Department_ID, Email) VALUES ('584607811', 'Watson Kim', 'Business', '1/1/23', '3042566', 'Teacher', 'Bu', 'Watson.m@kentucky.edu');
INSERT INTO CardHolder (Cardholder_ID, Employee_Name, Department, Start_Date, SSN, Designation, Department_ID, Email) VALUES ('732556177', 'Gabriella Pineda', 'English', '1/15/23', '4611411', 'Teacher', 'En', 'Gabriella.a@kentucky.edu');
INSERT INTO CardHolder (Cardholder_ID, Employee_Name, Department, Start_Date, SSN, Designation, Department_ID, Email) VALUES ('712010638', 'Gerardo Wade', 'History', '1/20/23', '9186683', 'Teacher', 'Hi', 'Gerardo.e@kentucky.edu');
INSERT INTO CardHolder (Cardholder_ID, Employee_Name, Department, Start_Date, SSN, Designation, Department_ID, Email) VALUES ('170714527', 'Evie Guerra', 'Physics', '12/23/22', '1968950', 'Teacher', 'Ph', 'Evie.a@kentucky.edu');
INSERT INTO CardHolder (Cardholder_ID, Employee_Name, Department, Start_Date, SSN, Designation, Department_ID, Email) VALUES ('795254987', 'Leland Singleton', 'Architecture', '12/26/22', '2580323', 'Teacher', 'Ar', 'Leland.n@kentucky.edu');
INSERT INTO CardHolder (Cardholder_ID, Employee_Name, Department, Start_Date, SSN, Designation, Department_ID, Email) VALUES ('772488796', 'Malaysia Logan', 'Chemistry', '10/8/22', '2914656', 'Teacher', 'Ch', 'Malaysia.n@kentucky.edu');
INSERT INTO CardHolder (Cardholder_ID, Employee_Name, Department, Start_Date, SSN, Designation, Department_ID, Email) VALUES ('728106593', 'Rocco Jacobs', 'Business', '10/18/22', '5432184', 'Teacher', 'Bu', 'Rocco.s@kentucky.edu');
INSERT INTO CardHolder (Cardholder_ID, Employee_Name, Department, Start_Date, SSN, Designation, Department_ID, Email) VALUES ('623118093', 'Camilla Waters', 'English', '1/22/23', '5692798', 'Teacher', 'En', 'Camilla.s@kentucky.edu');
INSERT INTO CardHolder (Cardholder_ID, Employee_Name, Department, Start_Date, SSN, Designation, Department_ID, Email) VALUES ('915835041', 'Maximilian Burton', 'History', '10/25/22', '7597619', 'Teacher', 'Hi', 'Maximilian.n@kentucky.edu');
INSERT INTO CardHolder (Cardholder_ID, Employee_Name, Department, Start_Date, SSN, Designation, Department_ID, Email) VALUES ('586813948', 'Miriam Stokes', 'Physics', '2/11/23', '8548700', 'Teacher', 'Ph', 'Miriam.s@kentucky.edu');
INSERT INTO CardHolder (Cardholder_ID, Employee_Name, Department, Start_Date, SSN, Designation, Department_ID, Email) VALUES ('898544922', 'Santana Mejia', 'Architecture', '1/1/23', '3742029', 'Teacher', 'Ar', 'Santana.a@kentucky.edu');
INSERT INTO CardHolder (Cardholder_ID, Employee_Name, Department, Start_Date, SSN, Designation, Department_ID, Email) VALUES ('558323034', 'Saylor Wang', 'Chemistry', '2/6/23', '5591499', 'Teacher', 'Ch', 'Saylor.g@kentucky.edu');
INSERT INTO CardHolder (Cardholder_ID, Employee_Name, Department, Start_Date, SSN, Designation, Department_ID, Email) VALUES ('436877350', 'Cohen Roach', 'Business', '11/27/22', '8215051', 'Teacher', 'Bu', 'Cohen.h@kentucky.edu');
INSERT INTO CardHolder (Cardholder_ID, Employee_Name, Department, Start_Date, SSN, Designation, Department_ID, Email) VALUES ('179380343', 'Lyanna Hogan', 'English', '2/16/23', '2871058', 'Teacher', 'En', 'Lyanna.n@kentucky.edu');
INSERT INTO CardHolder (Cardholder_ID, Employee_Name, Department, Start_Date, SSN, Designation, Department_ID, Email) VALUES ('168314756', 'Sonny Bell', 'History', '10/4/22', '5024957', 'Teacher', 'Hi', 'Sonny.l@kentucky.edu');
INSERT INTO CardHolder (Cardholder_ID, Employee_Name, Department, Start_Date, SSN, Designation, Department_ID, Email) VALUES ('137122752', 'Melody Medina', 'Physics', '10/27/22', '7067927', 'Teacher', 'Ph', 'Melody.a@kentucky.edu');
INSERT INTO CardHolder (Cardholder_ID, Employee_Name, Department, Start_Date, SSN, Designation, Department_ID, Email) VALUES ('982477748', 'George Stuart', 'Architecture', '2/17/23', '2658533', 'Teacher', 'Ar', 'George.t@kentucky.edu');
INSERT INTO CardHolder (Cardholder_ID, Employee_Name, Department, Start_Date, SSN, Designation, Department_ID, Email) VALUES ('707800138', 'Stormi Huff', 'Chemistry', '11/7/22', '2281619', 'Teacher', 'Ch', 'Stormi.f@kentucky.edu');
INSERT INTO CardHolder (Cardholder_ID, Employee_Name, Department, Start_Date, SSN, Designation, Department_ID, Email) VALUES ('917456248', 'Finnley Carlson', 'Business', '2/14/23', '7159951', 'Teacher', 'Bu', 'Finnley.n@kentucky.edu');
INSERT INTO CardHolder (Cardholder_ID, Employee_Name, Department, Start_Date, SSN, Designation, Department_ID, Email) VALUES ('602385265', 'Kali Parrish', 'English', '12/10/22', '9436326', 'Teacher', 'En', 'Kali.h@kentucky.edu');
INSERT INTO CardHolder (Cardholder_ID, Employee_Name, Department, Start_Date, SSN, Designation, Department_ID, Email) VALUES ('765673494', 'Karsyn Ellis', 'History', '11/21/22', '3907468', 'Teacher', 'Hi', 'Karsyn.s@kentucky.edu');
INSERT INTO CardHolder (Cardholder_ID, Employee_Name, Department, Start_Date, SSN, Designation, Department_ID, Email) VALUES ('239295864', 'Ayla Short', 'Physics', '12/7/22', '3368952', 'Teacher', 'Ph', 'Ayla.t@kentucky.edu');
INSERT INTO CardHolder (Cardholder_ID, Employee_Name, Department, Start_Date, SSN, Designation, Department_ID, Email) VALUES ('310854386', 'Hezekiah Mahoney', 'Architecture', '11/27/22', '4985113', 'Teacher', 'Ar', 'Hezekiah.y@kentucky.edu');
INSERT INTO CardHolder (Cardholder_ID, Employee_Name, Department, Start_Date, SSN, Designation, Department_ID, Email) VALUES ('713499571', 'Promise Maldonado', 'Chemistry', '12/10/22', '7780284', 'Teacher', 'Ch', 'Promise.o@kentucky.edu');
INSERT INTO CardHolder (Cardholder_ID, Employee_Name, Department, Start_Date, SSN, Designation, Department_ID, Email) VALUES ('654161187', 'Javier Arellano', 'Business', '1/29/23', '8508633', 'Teacher', 'Bu', 'Javier.o@kentucky.edu');
INSERT INTO CardHolder (Cardholder_ID, Employee_Name, Department, Start_Date, SSN, Designation, Department_ID, Email) VALUES ('652110721', 'Faye Hensley', 'English', '11/28/22', '1385425', 'Teacher', 'En', 'Faye.y@kentucky.edu');
INSERT INTO CardHolder (Cardholder_ID, Employee_Name, Department, Start_Date, SSN, Designation, Department_ID, Email) VALUES ('407091490', 'Layne Patton', 'History', '12/30/22', '1810761', 'Teacher', 'Hi', 'Layne.n@kentucky.edu');
INSERT INTO CardHolder (Cardholder_ID, Employee_Name, Department, Start_Date, SSN, Designation, Department_ID, Email) VALUES ('380498612', 'Lorelei Stuart', 'Physics', '12/16/22', '2740612', 'Teacher', 'Ph', 'Lorelei.t@kentucky.edu');
INSERT INTO CardHolder (Cardholder_ID, Employee_Name, Department, Start_Date, SSN, Designation, Department_ID, Email) VALUES ('555765737', 'Dion Andrews', 'Architecture', '12/11/22', '6653823', 'Teacher', 'Ar', 'Dion.s@kentucky.edu');
INSERT INTO CardHolder (Cardholder_ID, Employee_Name, Department, Start_Date, SSN, Designation, Department_ID, Email) VALUES ('950908725', 'Payton Jefferson', 'Chemistry', '2/7/23', '5049841', 'Teacher', 'Ch', 'Payton.n@kentucky.edu');
INSERT INTO CardHolder (Cardholder_ID, Employee_Name, Department, Start_Date, SSN, Designation, Department_ID, Email) VALUES ('160468591', 'Raylan Parrish', 'Business', '1/7/23', '6000886', 'Teacher', 'Bu', 'Raylan.h@kentucky.edu');
INSERT INTO CardHolder (Cardholder_ID, Employee_Name, Department, Start_Date, SSN, Designation, Department_ID, Email) VALUES ('254579237', 'Tiana Booker', 'English', '10/25/22', '4043709', 'Teacher', 'En', 'Tiana.r@kentucky.edu');
INSERT INTO CardHolder (Cardholder_ID, Employee_Name, Department, Start_Date, SSN, Designation, Department_ID, Email) VALUES ('885774352', 'Dominik Juarez', 'History', '11/13/22', '6410013', 'Teacher', 'Hi', 'Dominik.z@kentucky.edu');
INSERT INTO CardHolder (Cardholder_ID, Employee_Name, Department, Start_Date, SSN, Designation, Department_ID, Email) VALUES ('551002442', 'Juliet Ellis', 'Physics', '10/10/22', '5654151', 'Teacher', 'Ph', 'Juliet.s@kentucky.edu');
INSERT INTO CardHolder (Cardholder_ID, Employee_Name, Department, Start_Date, SSN, Designation, Department_ID, Email) VALUES ('291078548', 'Cole Pena', 'Architecture', '2/5/23', '6675410', 'Teacher', 'Ar', 'Cole.a@kentucky.edu');
INSERT INTO CardHolder (Cardholder_ID, Employee_Name, Department, Start_Date, SSN, Designation, Department_ID, Email) VALUES ('104655993', 'Rachel Moreno', 'Chemistry', '12/14/22', '7454883', 'Teacher', 'Ch', 'Rachel.o@kentucky.edu');
INSERT INTO CardHolder (Cardholder_ID, Employee_Name, Department, Start_Date, SSN, Designation, Department_ID, Email) VALUES ('428947716', 'Myles Conway', 'Business', '2/1/23', '1444246', 'Teacher', 'Bu', 'Myles.y@kentucky.edu');
INSERT INTO CardHolder (Cardholder_ID, Employee_Name, Department, Start_Date, SSN, Designation, Department_ID, Email) VALUES ('906449446', 'Ryann Compton', 'English', '2/5/23', '8998961', 'Teacher', 'En', 'Ryann.n@kentucky.edu');
INSERT INTO CardHolder (Cardholder_ID, Employee_Name, Department, Start_Date, SSN, Designation, Department_ID, Email) VALUES ('640978849', 'Abner Copeland', 'History', '12/7/22', '5729918', 'Teacher', 'Hi', 'Abner.d@kentucky.edu');





-- populating the procurement_card_application table

INSERT INTO procurement_card_application (Cardholder_ID, Application_ID, Application_Status, Admin_ID, President_ID, Applicant_Name) VALUES ('318696870', '3852', 'Accepted', '78279', '115', 'Paisleigh Richmond');
INSERT INTO procurement_card_application (Cardholder_ID, Application_ID, Application_Status, Admin_ID, President_ID, Applicant_Name) VALUES ('265520360', '3005', 'Rejected', '43639', '358', 'Mordechai Fletcher');
INSERT INTO procurement_card_application (Cardholder_ID, Application_ID, Application_Status, Admin_ID, President_ID, Applicant_Name) VALUES ('677155758', '7706', 'InProgress', '33167', '305', 'Anaya Castro');
INSERT INTO procurement_card_application (Cardholder_ID, Application_ID, Application_Status, Admin_ID, President_ID, Applicant_Name) VALUES ('291287002', '6615', 'Rejected', '97761', '300', 'Jasper Pena');
INSERT INTO procurement_card_application (Cardholder_ID, Application_ID, Application_Status, Admin_ID, President_ID, Applicant_Name) VALUES ('440099700', '1646', 'Accepted', '41595', '921', 'Rachel Best');
INSERT INTO procurement_card_application (Cardholder_ID, Application_ID, Application_Status, Admin_ID, President_ID, Applicant_Name) VALUES ('426917156', '1189', 'Rejected', '70445', '109', 'Harlem Hogan');
INSERT INTO procurement_card_application (Cardholder_ID, Application_ID, Application_Status, Admin_ID, President_ID, Applicant_Name) VALUES ('915730924', '7712', 'InProgress', '31704', '115', 'Kathryn Corona');
INSERT INTO procurement_card_application (Cardholder_ID, Application_ID, Application_Status, Admin_ID, President_ID, Applicant_Name) VALUES ('259199089', '5962', 'InProgress', '58016', '544', 'Darian Vincent');
INSERT INTO procurement_card_application (Cardholder_ID, Application_ID, Application_Status, Admin_ID, President_ID, Applicant_Name) VALUES ('443791343', '8800', 'Rejected', '38988', '804', 'Allyson Meadows');
INSERT INTO procurement_card_application (Cardholder_ID, Application_ID, Application_Status, Admin_ID, President_ID, Applicant_Name) VALUES ('361906123', '4184', 'InProgress', '97647', '943', 'Wayne Spence');
INSERT INTO procurement_card_application (Cardholder_ID, Application_ID, Application_Status, Admin_ID, President_ID, Applicant_Name) VALUES ('870062997', '5668', 'Rejected', '44542', '549', 'Aislinn Carey');
INSERT INTO procurement_card_application (Cardholder_ID, Application_ID, Application_Status, Admin_ID, President_ID, Applicant_Name) VALUES ('584607811', '4654', 'Rejected', '82579', '194', 'Watson Kim');
INSERT INTO procurement_card_application (Cardholder_ID, Application_ID, Application_Status, Admin_ID, President_ID, Applicant_Name) VALUES ('732556177', '6597', 'InProgress', '21658', '176', 'Gabriella Pineda');
INSERT INTO procurement_card_application (Cardholder_ID, Application_ID, Application_Status, Admin_ID, President_ID, Applicant_Name) VALUES ('712010638', '2773', 'InProgress', '16455', '287', 'Gerardo Wade');
INSERT INTO procurement_card_application (Cardholder_ID, Application_ID, Application_Status, Admin_ID, President_ID, Applicant_Name) VALUES ('170714527', '7252', 'Accepted', '30289', '796', 'Evie Guerra');
INSERT INTO procurement_card_application (Cardholder_ID, Application_ID, Application_Status, Admin_ID, President_ID, Applicant_Name) VALUES ('795254987', '6357', 'Accepted', '63416', '117', 'Leland Singleton');
INSERT INTO procurement_card_application (Cardholder_ID, Application_ID, Application_Status, Admin_ID, President_ID, Applicant_Name) VALUES ('772488796', '8642', 'Rejected', '90752', '438', 'Malaysia Logan');
INSERT INTO procurement_card_application (Cardholder_ID, Application_ID, Application_Status, Admin_ID, President_ID, Applicant_Name) VALUES ('728106593', '9067', 'Accepted', '38993', '645', 'Rocco Jacobs');
INSERT INTO procurement_card_application (Cardholder_ID, Application_ID, Application_Status, Admin_ID, President_ID, Applicant_Name) VALUES ('623118093', '8965', 'Rejected', '19643', '743', 'Camilla Waters');
INSERT INTO procurement_card_application (Cardholder_ID, Application_ID, Application_Status, Admin_ID, President_ID, Applicant_Name) VALUES ('915835041', '8147', 'Accepted', '18135', '994', 'Maximilian Burton');
INSERT INTO procurement_card_application (Cardholder_ID, Application_ID, Application_Status, Admin_ID, President_ID, Applicant_Name) VALUES ('586813948', '2299', 'Rejected', '25547', '963', 'Miriam Stokes');
INSERT INTO procurement_card_application (Cardholder_ID, Application_ID, Application_Status, Admin_ID, President_ID, Applicant_Name) VALUES ('898544922', '8566', 'InProgress', '68927', '951', 'Santana Mejia');
INSERT INTO procurement_card_application (Cardholder_ID, Application_ID, Application_Status, Admin_ID, President_ID, Applicant_Name) VALUES ('558323034', '5752', 'InProgress', '38084', '306', 'Saylor Wang');
INSERT INTO procurement_card_application (Cardholder_ID, Application_ID, Application_Status, Admin_ID, President_ID, Applicant_Name) VALUES ('436877350', '8159', 'Accepted', '88815', '116', 'Cohen Roach');
INSERT INTO procurement_card_application (Cardholder_ID, Application_ID, Application_Status, Admin_ID, President_ID, Applicant_Name) VALUES ('179380343', '3575', 'InProgress', '69666', '833', 'Lyanna Hogan');
INSERT INTO procurement_card_application (Cardholder_ID, Application_ID, Application_Status, Admin_ID, President_ID, Applicant_Name) VALUES ('168314756', '7067', 'Accepted', '49071', '380', 'Sonny Bell');
INSERT INTO procurement_card_application (Cardholder_ID, Application_ID, Application_Status, Admin_ID, President_ID, Applicant_Name) VALUES ('137122752', '4726', 'Rejected', '93199', '252', 'Melody Medina');
INSERT INTO procurement_card_application (Cardholder_ID, Application_ID, Application_Status, Admin_ID, President_ID, Applicant_Name) VALUES ('982477748', '4236', 'InProgress', '95132', '653', 'George Stuart');
INSERT INTO procurement_card_application (Cardholder_ID, Application_ID, Application_Status, Admin_ID, President_ID, Applicant_Name) VALUES ('707800138', '1262', 'Rejected', '22751', '247', 'Stormi Huff');
INSERT INTO procurement_card_application (Cardholder_ID, Application_ID, Application_Status, Admin_ID, President_ID, Applicant_Name) VALUES ('917456248', '6799', 'InProgress', '45505', '778', 'Finnley Carlson');
INSERT INTO procurement_card_application (Cardholder_ID, Application_ID, Application_Status, Admin_ID, President_ID, Applicant_Name) VALUES ('602385265', '2027', 'Accepted', '73649', '546', 'Kali Parrish');
INSERT INTO procurement_card_application (Cardholder_ID, Application_ID, Application_Status, Admin_ID, President_ID, Applicant_Name) VALUES ('765673494', '9283', 'InProgress', '19977', '709', 'Karsyn Ellis');
INSERT INTO procurement_card_application (Cardholder_ID, Application_ID, Application_Status, Admin_ID, President_ID, Applicant_Name) VALUES ('239295864', '5899', 'Rejected', '36692', '225', 'Ayla Short');
INSERT INTO procurement_card_application (Cardholder_ID, Application_ID, Application_Status, Admin_ID, President_ID, Applicant_Name) VALUES ('310854386', '3465', 'Accepted', '48422', '349', 'Hezekiah Mahoney');
INSERT INTO procurement_card_application (Cardholder_ID, Application_ID, Application_Status, Admin_ID, President_ID, Applicant_Name) VALUES ('713499571', '9561', 'Accepted', '55449', '860', 'Promise Maldonado');
INSERT INTO procurement_card_application (Cardholder_ID, Application_ID, Application_Status, Admin_ID, President_ID, Applicant_Name) VALUES ('654161187', '7513', 'InProgress', '65607', '724', 'Javier Arellano');
INSERT INTO procurement_card_application (Cardholder_ID, Application_ID, Application_Status, Admin_ID, President_ID, Applicant_Name) VALUES ('652110721', '7631', 'InProgress', '96980', '452', 'Faye Hensley');
INSERT INTO procurement_card_application (Cardholder_ID, Application_ID, Application_Status, Admin_ID, President_ID, Applicant_Name) VALUES ('407091490', '7631', 'Rejected', '57787', '592', 'Layne Patton');
INSERT INTO procurement_card_application (Cardholder_ID, Application_ID, Application_Status, Admin_ID, President_ID, Applicant_Name) VALUES ('380498612', '4969', 'Rejected', '92965', '436', 'Lorelei Stuart');
INSERT INTO procurement_card_application (Cardholder_ID, Application_ID, Application_Status, Admin_ID, President_ID, Applicant_Name) VALUES ('555765737', '5480', 'Rejected', '25332', '930', 'Dion Andrews');
INSERT INTO procurement_card_application (Cardholder_ID, Application_ID, Application_Status, Admin_ID, President_ID, Applicant_Name) VALUES ('950908725', '9700', 'InProgress', '18915', '320', 'Payton Jefferson');
INSERT INTO procurement_card_application (Cardholder_ID, Application_ID, Application_Status, Admin_ID, President_ID, Applicant_Name) VALUES ('160468591', '5564', 'InProgress', '11368', '894', 'Raylan Parrish');
INSERT INTO procurement_card_application (Cardholder_ID, Application_ID, Application_Status, Admin_ID, President_ID, Applicant_Name) VALUES ('254579237', '3625', 'Rejected', '52735', '183', 'Tiana Booker');
INSERT INTO procurement_card_application (Cardholder_ID, Application_ID, Application_Status, Admin_ID, President_ID, Applicant_Name) VALUES ('885774352', '8704', 'Rejected', '59238', '733', 'Dominik Juarez');
INSERT INTO procurement_card_application (Cardholder_ID, Application_ID, Application_Status, Admin_ID, President_ID, Applicant_Name) VALUES ('551002442', '4037', 'Rejected', '98067', '505', 'Juliet Ellis');
INSERT INTO procurement_card_application (Cardholder_ID, Application_ID, Application_Status, Admin_ID, President_ID, Applicant_Name) VALUES ('291078548', '2649', 'Accepted', '24025', '989', 'Cole Pena');
INSERT INTO procurement_card_application (Cardholder_ID, Application_ID, Application_Status, Admin_ID, President_ID, Applicant_Name) VALUES ('104655993', '3939', 'Rejected', '47538', '570', 'Rachel Moreno');
INSERT INTO procurement_card_application (Cardholder_ID, Application_ID, Application_Status, Admin_ID, President_ID, Applicant_Name) VALUES ('428947716', '8350', 'Accepted', '37331', '274', 'Myles Conway');
INSERT INTO procurement_card_application (Cardholder_ID, Application_ID, Application_Status, Admin_ID, President_ID, Applicant_Name) VALUES ('906449446', '5583', 'Accepted', '73613', '834', 'Ryann Compton');
INSERT INTO procurement_card_application (Cardholder_ID, Application_ID, Application_Status, Admin_ID, President_ID, Applicant_Name) VALUES ('640978849', '6191', 'Accepted', '67106', '130', 'Abner Copeland');

-- populating procurement_card
INSERT INTO procurement_card (Cardholder_ID, CardHolder_Name, Effective_date , Spend_limit, Balance, Card_type) VALUES ('318696870', 'Paisleigh Richmond', '9/21/22', '6748', '6441', 'Business');
INSERT INTO procurement_card (Cardholder_ID, CardHolder_Name, Effective_date , Spend_limit, Balance, Card_type) VALUES ('265520360', 'Mordechai Fletcher', '9/10/22', '9130', '8944', 'Business');
INSERT INTO procurement_card (Cardholder_ID, CardHolder_Name, Effective_date , Spend_limit, Balance, Card_type) VALUES ('677155758', 'Anaya Castro', '12/28/22', '3543', '3445', 'Business');
INSERT INTO procurement_card (Cardholder_ID, CardHolder_Name, Effective_date , Spend_limit, Balance, Card_type) VALUES ('291287002', 'Jasper Pena', '11/29/22', '2612', '2555', 'Business');
INSERT INTO procurement_card (Cardholder_ID, CardHolder_Name, Effective_date , Spend_limit, Balance, Card_type) VALUES ('440099700', 'Rachel Best', '12/21/22', '2258', '2202', 'Business');
INSERT INTO procurement_card (Cardholder_ID, CardHolder_Name, Effective_date , Spend_limit, Balance, Card_type) VALUES ('426917156', 'Harlem Hogan', '11/1/22', '7959', '7613', 'Business');
INSERT INTO procurement_card (Cardholder_ID, CardHolder_Name, Effective_date , Spend_limit, Balance, Card_type) VALUES ('915730924', 'Kathryn Corona', '12/8/22', '196', '189', 'Business');
INSERT INTO procurement_card (Cardholder_ID, CardHolder_Name, Effective_date , Spend_limit, Balance, Card_type) VALUES ('259199089', 'Darian Vincent', '12/3/22', '4571', '4432', 'Business');
INSERT INTO procurement_card (Cardholder_ID, CardHolder_Name, Effective_date , Spend_limit, Balance, Card_type) VALUES ('443791343', 'Allyson Meadows', '11/26/22', '6952', '6695', 'Business');
INSERT INTO procurement_card (Cardholder_ID, CardHolder_Name, Effective_date , Spend_limit, Balance, Card_type) VALUES ('361906123', 'Wayne Spence', '1/5/23', '1257', '1232', 'Business');
INSERT INTO procurement_card (Cardholder_ID, CardHolder_Name, Effective_date , Spend_limit, Balance, Card_type) VALUES ('870062997', 'Aislinn Carey', '1/17/23', '2003', '1938', 'Business');
INSERT INTO procurement_card (Cardholder_ID, CardHolder_Name, Effective_date , Spend_limit, Balance, Card_type) VALUES ('584607811', 'Watson Kim', '11/28/22', '8622', '8191', 'Business');
INSERT INTO procurement_card (Cardholder_ID, CardHolder_Name, Effective_date , Spend_limit, Balance, Card_type) VALUES ('732556177', 'Gabriella Pineda', '12/13/22', '3448', '3355', 'Business');
INSERT INTO procurement_card (Cardholder_ID, CardHolder_Name, Effective_date , Spend_limit, Balance, Card_type) VALUES ('712010638', 'Gerardo Wade', '9/20/22', '8893', '8470', 'Business');
INSERT INTO procurement_card (Cardholder_ID, CardHolder_Name, Effective_date , Spend_limit, Balance, Card_type) VALUES ('170714527', 'Evie Guerra', '10/8/22', '8966', '8775', 'Business');
INSERT INTO procurement_card (Cardholder_ID, CardHolder_Name, Effective_date , Spend_limit, Balance, Card_type) VALUES ('795254987', 'Leland Singleton', '12/13/22', '9917', '9520', 'Business');
INSERT INTO procurement_card (Cardholder_ID, CardHolder_Name, Effective_date , Spend_limit, Balance, Card_type) VALUES ('772488796', 'Malaysia Logan', '11/5/22', '525', '512', 'Business');
INSERT INTO procurement_card (Cardholder_ID, CardHolder_Name, Effective_date , Spend_limit, Balance, Card_type) VALUES ('728106593', 'Rocco Jacobs', '1/20/23', '472', '462', 'Business');
INSERT INTO procurement_card (Cardholder_ID, CardHolder_Name, Effective_date , Spend_limit, Balance, Card_type) VALUES ('623118093', 'Camilla Waters', '12/27/22', '1144', '1094', 'Business');
INSERT INTO procurement_card (Cardholder_ID, CardHolder_Name, Effective_date , Spend_limit, Balance, Card_type) VALUES ('915835041', 'Maximilian Burton', '10/9/22', '5847', '5675', 'Business');
INSERT INTO procurement_card (Cardholder_ID, CardHolder_Name, Effective_date , Spend_limit, Balance, Card_type) VALUES ('586813948', 'Miriam Stokes', '10/30/22', '4127', '3985', 'Business');
INSERT INTO procurement_card (Cardholder_ID, CardHolder_Name, Effective_date , Spend_limit, Balance, Card_type) VALUES ('898544922', 'Santana Mejia', '11/12/22', '9120', '8806', 'Business');
INSERT INTO procurement_card (Cardholder_ID, CardHolder_Name, Effective_date , Spend_limit, Balance, Card_type) VALUES ('558323034', 'Saylor Wang', '9/22/22', '9270', '9019', 'Business');
INSERT INTO procurement_card (Cardholder_ID, CardHolder_Name, Effective_date , Spend_limit, Balance, Card_type) VALUES ('436877350', 'Cohen Roach', '10/29/22', '1459', '1413', 'Business');
INSERT INTO procurement_card (Cardholder_ID, CardHolder_Name, Effective_date , Spend_limit, Balance, Card_type) VALUES ('179380343', 'Lyanna Hogan', '11/26/22', '8763', '8471', 'Business');
INSERT INTO procurement_card (Cardholder_ID, CardHolder_Name, Effective_date , Spend_limit, Balance, Card_type) VALUES ('168314756', 'Sonny Bell', '10/2/22', '736', '721', 'Business');
INSERT INTO procurement_card (Cardholder_ID, CardHolder_Name, Effective_date , Spend_limit, Balance, Card_type) VALUES ('137122752', 'Melody Medina', '11/26/22', '951', '931', 'Business');
INSERT INTO procurement_card (Cardholder_ID, CardHolder_Name, Effective_date , Spend_limit, Balance, Card_type) VALUES ('982477748', 'George Stuart', '10/7/22', '5856', '5726', 'Business');
INSERT INTO procurement_card (Cardholder_ID, CardHolder_Name, Effective_date , Spend_limit, Balance, Card_type) VALUES ('707800138', 'Stormi Huff', '11/17/22', '2605', '2524', 'Business');
INSERT INTO procurement_card (Cardholder_ID, CardHolder_Name, Effective_date , Spend_limit, Balance, Card_type) VALUES ('917456248', 'Finnley Carlson', '12/2/22', '6087', '5949', 'Business');
INSERT INTO procurement_card (Cardholder_ID, CardHolder_Name, Effective_date , Spend_limit, Balance, Card_type) VALUES ('602385265', 'Kali Parrish', '9/22/22', '5223', '5014', 'Business');
INSERT INTO procurement_card (Cardholder_ID, CardHolder_Name, Effective_date , Spend_limit, Balance, Card_type) VALUES ('765673494', 'Karsyn Ellis', '12/19/22', '7570', '7365', 'Business');
INSERT INTO procurement_card (Cardholder_ID, CardHolder_Name, Effective_date , Spend_limit, Balance, Card_type) VALUES ('239295864', 'Ayla Short', '10/5/22', '2234', '2151', 'Business');
INSERT INTO procurement_card (Cardholder_ID, CardHolder_Name, Effective_date , Spend_limit, Balance, Card_type) VALUES ('310854386', 'Hezekiah Mahoney', '12/22/22', '9199', '8928', 'Business');
INSERT INTO procurement_card (Cardholder_ID, CardHolder_Name, Effective_date , Spend_limit, Balance, Card_type) VALUES ('713499571', 'Promise Maldonado', '10/18/22', '8227', '7970', 'Business');
INSERT INTO procurement_card (Cardholder_ID, CardHolder_Name, Effective_date , Spend_limit, Balance, Card_type) VALUES ('654161187', 'Javier Arellano', '12/11/22', '1595', '1552', 'Business');
INSERT INTO procurement_card (Cardholder_ID, CardHolder_Name, Effective_date , Spend_limit, Balance, Card_type) VALUES ('652110721', 'Faye Hensley', '11/11/22', '5711', '5578', 'Business');
INSERT INTO procurement_card (Cardholder_ID, CardHolder_Name, Effective_date , Spend_limit, Balance, Card_type) VALUES ('407091490', 'Layne Patton', '11/27/22', '7529', '7215', 'Business');
INSERT INTO procurement_card (Cardholder_ID, CardHolder_Name, Effective_date , Spend_limit, Balance, Card_type) VALUES ('380498612', 'Lorelei Stuart', '10/22/22', '9691', '9368', 'Business');
INSERT INTO procurement_card (Cardholder_ID, CardHolder_Name, Effective_date , Spend_limit, Balance, Card_type) VALUES ('555765737', 'Dion Andrews', '10/1/22', '2922', '2856', 'Business');
INSERT INTO procurement_card (Cardholder_ID, CardHolder_Name, Effective_date , Spend_limit, Balance, Card_type) VALUES ('950908725', 'Payton Jefferson', '10/11/22', '9922', '9555', 'Business');
INSERT INTO procurement_card (Cardholder_ID, CardHolder_Name, Effective_date , Spend_limit, Balance, Card_type) VALUES ('160468591', 'Raylan Parrish', '1/13/23', '6664', '6386', 'Business');
INSERT INTO procurement_card (Cardholder_ID, CardHolder_Name, Effective_date , Spend_limit, Balance, Card_type) VALUES ('254579237', 'Tiana Booker', '10/7/22', '5596', '5372', 'Business');
INSERT INTO procurement_card (Cardholder_ID, CardHolder_Name, Effective_date , Spend_limit, Balance, Card_type) VALUES ('885774352', 'Dominik Juarez', '1/2/23', '9834', '9536', 'Business');
INSERT INTO procurement_card (Cardholder_ID, CardHolder_Name, Effective_date , Spend_limit, Balance, Card_type) VALUES ('551002442', 'Juliet Ellis', '10/30/22', '8164', '7824', 'Business');
INSERT INTO procurement_card (Cardholder_ID, CardHolder_Name, Effective_date , Spend_limit, Balance, Card_type) VALUES ('291078548', 'Cole Pena', '9/28/22', '8087', '7776', 'Business');
INSERT INTO procurement_card (Cardholder_ID, CardHolder_Name, Effective_date , Spend_limit, Balance, Card_type) VALUES ('104655993', 'Rachel Moreno', '1/29/23', '7854', '7601', 'Business');
INSERT INTO procurement_card (Cardholder_ID, CardHolder_Name, Effective_date , Spend_limit, Balance, Card_type) VALUES ('428947716', 'Myles Conway', '11/13/22', '5652', '5534', 'Business');
INSERT INTO procurement_card (Cardholder_ID, CardHolder_Name, Effective_date , Spend_limit, Balance, Card_type) VALUES ('906449446', 'Ryann Compton', '9/26/22', '8401', '8180', 'Business');
INSERT INTO procurement_card (Cardholder_ID, CardHolder_Name, Effective_date , Spend_limit, Balance, Card_type) VALUES ('640978849', 'Abner Copeland', '12/31/22', '8832', '8517', 'Business');